val/loss,val/acc,val/prec,val/rec,val/preds_sum,val/targets_sum,val/acc_best,val/loss_best,epoch,step,train/loss,train/acc,train/prec,train/rec,train/preds_sum,train/targets_sum,train/acc_best,train/loss_best,test/loss,test/acc,test/prec,test/rec,test/preds_sum,test/targets_sum,test/TP_epoch,test/FP_epoch,test/TN_epoch,test/FN_epoch,test/acc_epoch,test/prec_epoch,test/rec_epoch,test/preds_sum_epoch,test/targets_sum_epoch
0.177733913064003,0.128960981965065,0.0,0.0,0.0,9684.2998046875,0.18384331464767456,0.177733913064003,0,36,,,,,,,,,,,,,,,,,,,,,,,
,,,,,,,,0,36,0.15939508378505707,0.11547420173883438,0.00010230464249616489,0.027027027681469917,0.5945945978164673,7570.5673828125,0.11547420173883438,0.15939508378505707,,,,,,,,,,,,,,,
0.18738847970962524,0.5884443521499634,0.47980833053588867,0.9897356033325195,300.79998779296875,9684.2998046875,0.5884443521499634,0.177733913064003,1,73,,,,,,,,,,,,,,,,,,,,,,,
,,,,,,,,1,73,0.14860515296459198,0.3637475073337555,0.29555803537368774,0.9658944606781006,2129.027099609375,7570.5673828125,0.3637475073337555,0.14860515296459198,,,,,,,,,,,,,,,
0.18869128823280334,0.38671788573265076,0.26913613080978394,0.5874516367912292,159.39999389648438,9684.2998046875,0.5884443521499634,0.177733913064003,2,110,,,,,,,,,,,,,,,,,,,,,,,
,,,,,,,,2,110,0.14191989600658417,0.47113269567489624,0.4216855466365814,0.9611909985542297,3164.486572265625,7570.5673828125,0.47113269567489624,0.14191989600658417,,,,,,,,,,,,,,,
0.18234029412269592,0.5153917670249939,0.40678343176841736,0.9872034192085266,400.1000061035156,9684.2998046875,0.5884443521499634,0.177733913064003,3,147,,,,,,,,,,,,,,,,,,,,,,,
,,,,,,,,3,147,0.14402048289775848,0.48706385493278503,0.4353032410144806,0.9666991233825684,3268.13525390625,7570.5673828125,0.48706385493278503,0.14191989600658417,,,,,,,,,,,,,,,
0.17504870891571045,0.5378018617630005,0.43886369466781616,0.9781290292739868,1139.699951171875,9684.2998046875,0.5884443521499634,0.17504870891571045,4,184,,,,,,,,,,,,,,,,,,,,,,,
,,,,,,,,4,184,0.1309061050415039,0.5224225521087646,0.47733771800994873,0.9692039489746094,3447.027099609375,7570.5673828125,0.5224225521087646,0.1309061050415039,,,,,,,,,,,,,,,
0.17566028237342834,0.43461018800735474,0.3218768239021301,0.9861812591552734,275.1000061035156,9684.2998046875,0.5884443521499634,0.17504870891571045,5,221,,,,,,,,,,,,,,,,,,,,,,,
,,,,,,,,5,221,0.13396039605140686,0.5510315895080566,0.5049213171005249,0.9723703265190125,3672.594482421875,7570.5673828125,0.5510315895080566,0.1309061050415039,,,,,,,,,,,,,,,
0.1981801688671112,0.5021124482154846,0.39637836813926697,0.9834607839584351,662.0999755859375,9684.2998046875,0.5884443521499634,0.17504870891571045,6,258,,,,,,,,,,,,,,,,,,,,,,,
,,,,,,,,6,258,0.13216286897659302,0.5918692350387573,0.5528650879859924,0.9721059203147888,4192.10791015625,7570.5673828125,0.5918692350387573,0.1309061050415039,,,,,,,,,,,,,,,
0.11210880428552628,0.8251740336418152,0.7905613780021667,0.9881068468093872,6330.5,9684.2998046875,0.8251740336418152,0.11210880428552628,7,295,,,,,,,,,,,,,,,,,,,,,,,
,,,,,,,,7,295,0.12146729230880737,0.6356926560401917,0.6002823710441589,0.9786470532417297,4478.162109375,7570.5673828125,0.6356926560401917,0.12146729230880737,,,,,,,,,,,,,,,
0.057494133710861206,0.9006189107894897,0.9040043950080872,0.9888575673103333,9594.2998046875,9684.2998046875,0.9006189107894897,0.057494133710861206,8,332,,,,,,,,,,,,,,,,,,,,,,,
,,,,,,,,8,332,0.03187507763504982,0.9455687999725342,0.9450690746307373,0.993901252746582,7244.13525390625,7570.5673828125,0.9455687999725342,0.03187507763504982,,,,,,,,,,,,,,,
0.062395088374614716,0.9187899827957153,0.9240875244140625,0.9881726503372192,9664.2001953125,9684.2998046875,0.9187899827957153,0.057494133710861206,9,369,,,,,,,,,,,,,,,,,,,,,,,
,,,,,,,,9,369,0.01692795194685459,0.9829643964767456,0.9841389060020447,0.9967077970504761,7481.13525390625,7570.5673828125,0.9829643964767456,0.01692795194685459,,,,,,,,,,,,,,,
0.07030542939901352,0.8964194059371948,0.8973544239997864,0.988789439201355,9375.2998046875,9684.2998046875,0.9187899827957153,0.057494133710861206,10,406,,,,,,,,,,,,,,,,,,,,,,,
,,,,,,,,10,406,0.01627238467335701,0.9838351607322693,0.985098123550415,0.9967734813690186,7491.2705078125,7570.5673828125,0.9838351607322693,0.01627238467335701,,,,,,,,,,,,,,,
0.0671711191534996,0.898585319519043,0.8998570442199707,0.9887927174568176,9392.2998046875,9684.2998046875,0.9187899827957153,0.057494133710861206,11,443,,,,,,,,,,,,,,,,,,,,,,,
,,,,,,,,11,443,0.015649618580937386,0.9836300015449524,0.984667181968689,0.9969373345375061,7481.162109375,7570.5673828125,0.9838351607322693,0.015649618580937386,,,,,,,,,,,,,,,
0.06857962906360626,0.8986509442329407,0.9012058973312378,0.9884211421012878,9489.900390625,9684.2998046875,0.9187899827957153,0.057494133710861206,12,480,,,,,,,,,,,,,,,,,,,,,,,
,,,,,,,,12,480,0.014332088641822338,0.9849288463592529,0.9858635663986206,0.9971502423286438,7488.81103515625,7570.5673828125,0.9849288463592529,0.014332088641822338,,,,,,,,,,,,,,,
0.06540489941835403,0.912368893623352,0.915988564491272,0.9886752963066101,9555.5,9684.2998046875,0.9187899827957153,0.057494133710861206,13,517,,,,,,,,,,,,,,,,,,,,,,,
,,,,,,,,13,517,0.014526799321174622,0.9840533137321472,0.9848227500915527,0.997166097164154,7480.486328125,7570.5673828125,0.9849288463592529,0.014332088641822338,,,,,,,,,,,,,,,
0.06328494101762772,0.9105350375175476,0.912396252155304,0.9889823198318481,9422.5,9684.2998046875,0.9187899827957153,0.057494133710861206,14,554,,,,,,,,,,,,,,,,,,,,,,,
,,,,,,,,14,554,0.01354612410068512,0.983954131603241,0.9845281839370728,0.9973574280738831,7477.86474609375,7570.5673828125,0.9849288463592529,0.01354612410068512,,,,,,,,,,,,,,,
0.06823514401912689,0.9146106839179993,0.9178236126899719,0.9886854887008667,9510.7998046875,9684.2998046875,0.9187899827957153,0.057494133710861206,15,591,,,,,,,,,,,,,,,,,,,,,,,
,,,,,,,,15,591,0.012436660937964916,0.9846058487892151,0.9849055409431458,0.9977205395698547,7477.0,7570.5673828125,0.9849288463592529,0.012436660937964916,,,,,,,,,,,,,,,
0.0765429213643074,0.9114507436752319,0.9160121083259583,0.9882832765579224,9617.5,9684.2998046875,0.9187899827957153,0.057494133710861206,16,628,,,,,,,,,,,,,,,,,,,,,,,
,,,,,,,,16,628,0.011788236908614635,0.9835031628608704,0.9834961891174316,0.9978818297386169,7461.4052734375,7570.5673828125,0.9849288463592529,0.011788236908614635,,,,,,,,,,,,,,,
0.07218559086322784,0.9332855343818665,0.939452052116394,0.9879809617996216,9689.900390625,9684.2998046875,0.9332855343818665,0.057494133710861206,17,665,,,,,,,,,,,,,,,,,,,,,,,
,,,,,,,,17,665,0.014370492659509182,0.9776034951210022,0.9772779941558838,0.9974439740180969,7424.18896484375,7570.5673828125,0.9849288463592529,0.011788236908614635,,,,,,,,,,,,,,,
0.0691014900803566,0.9021929502487183,0.9042922258377075,0.988660454750061,9445.900390625,9684.2998046875,0.9332855343818665,0.057494133710861206,18,702,,,,,,,,,,,,,,,,,,,,,,,
,,,,,,,,18,702,0.011278228834271431,0.9847284555435181,0.9849859476089478,0.9978031516075134,7477.81103515625,7570.5673828125,0.9849288463592529,0.011278228834271431,,,,,,,,,,,,,,,
0.07256300747394562,0.9034581184387207,0.9073898196220398,0.9881693124771118,9579.7001953125,9684.2998046875,0.9332855343818665,0.057494133710861206,19,739,,,,,,,,,,,,,,,,,,,,,,,
,,,,,,,,19,739,0.011051109991967678,0.9817561507225037,0.9812240600585938,0.9982002973556519,7444.62158203125,7570.5673828125,0.9849288463592529,0.011051109991967678,,,,,,,,,,,,,,,
0.07725502550601959,0.9288808107376099,0.9365399479866028,0.9861014485359192,9724.400390625,9684.2998046875,0.9332855343818665,0.057494133710861206,20,776,,,,,,,,,,,,,,,,,,,,,,,
,,,,,,,,20,776,0.00984681211411953,0.9835196733474731,0.9830636978149414,0.998439371585846,7461.5673828125,7570.5673828125,0.9849288463592529,0.00984681211411953,,,,,,,,,,,,,,,
0.07475800812244415,0.9099479913711548,0.9140602350234985,0.988322377204895,9582.400390625,9684.2998046875,0.9332855343818665,0.057494133710861206,21,813,,,,,,,,,,,,,,,,,,,,,,,
,,,,,,,,21,813,0.01019765343517065,0.9835265874862671,0.9831254482269287,0.9983582496643066,7457.32421875,7570.5673828125,0.9849288463592529,0.00984681211411953,,,,,,,,,,,,,,,
0.08366599678993225,0.9191840887069702,0.9241560101509094,0.9883278608322144,9635.2001953125,9684.2998046875,0.9332855343818665,0.057494133710861206,22,850,,,,,,,,,,,,,,,,,,,,,,,
,,,,,,,,22,850,0.009019292891025543,0.9852451682090759,0.984580397605896,0.9987326860427856,7465.45947265625,7570.5673828125,0.9852451682090759,0.009019292891025543,,,,,,,,,,,,,,,
0.08003096282482147,0.9054874181747437,0.9096491932868958,0.9885431528091431,9619.2998046875,9684.2998046875,0.9332855343818665,0.057494133710861206,23,887,,,,,,,,,,,,,,,,,,,,,,,
,,,,,,,,23,887,0.0083231832832098,0.9852971434593201,0.9844549298286438,0.9989115595817566,7463.2431640625,7570.5673828125,0.9852971434593201,0.0083231832832098,,,,,,,,,,,,,,,
0.08115057647228241,0.9148756861686707,0.9199390411376953,0.9881683588027954,9648.5,9684.2998046875,0.9332855343818665,0.057494133710861206,24,924,,,,,,,,,,,,,,,,,,,,,,,
,,,,,,,,24,924,0.009216349571943283,0.9837420582771301,0.9831388592720032,0.9986505508422852,7465.4052734375,7570.5673828125,0.9852971434593201,0.0083231832832098,,,,,,,,,,,,,,,
0.08163825422525406,0.9128640294075012,0.9179197549819946,0.9879819750785828,9646.599609375,9684.2998046875,0.9332855343818665,0.057494133710861206,25,961,,,,,,,,,,,,,,,,,,,,,,,
,,,,,,,,25,961,0.0075962115079164505,0.9865573048591614,0.9858986139297485,0.9989351034164429,7473.6484375,7570.5673828125,0.9865573048591614,0.0075962115079164505,,,,,,,,,,,,,,,
0.08697687089443207,0.9066365361213684,0.9103522300720215,0.9887587428092957,9586.2001953125,9684.2998046875,0.9332855343818665,0.057494133710861206,26,998,,,,,,,,,,,,,,,,,,,,,,,
,,,,,,,,26,998,0.007515695411711931,0.9883235096931458,0.9877974987030029,0.9989408254623413,7488.2431640625,7570.5673828125,0.9883235096931458,0.007515695411711931,,,,,,,,,,,,,,,
0.0853087455034256,0.9220799207687378,0.9274761080741882,0.9882454872131348,9659.7001953125,9684.2998046875,0.9332855343818665,0.057494133710861206,27,1035,,,,,,,,,,,,,,,,,,,,,,,
,,,,,,,,27,1035,0.006767007056623697,0.9864069819450378,0.9857044816017151,0.9991626143455505,7478.0810546875,7570.5673828125,0.9883235096931458,0.006767007056623697,,,,,,,,,,,,,,,
0.10413751751184464,0.923205554485321,0.9289081692695618,0.9880807995796204,9674.5,9684.2998046875,0.9332855343818665,0.057494133710861206,28,1072,,,,,,,,,,,,,,,,,,,,,,,
,,,,,,,,28,1072,0.007161532063037157,0.9886606335639954,0.9880238175392151,0.9990978837013245,7486.78369140625,7570.5673828125,0.9886606335639954,0.006767007056623697,,,,,,,,,,,,,,,
0.09633927792310715,0.9337013959884644,0.9393100738525391,0.9882375597953796,9638.400390625,9684.2998046875,0.9337013959884644,0.057494133710861206,29,1109,,,,,,,,,,,,,,,,,,,,,,,
,,,,,,,,29,1109,0.007306475192308426,0.9876669645309448,0.9871276617050171,0.9989933371543884,7483.486328125,7570.5673828125,0.9886606335639954,0.006767007056623697,,,,,,,,,,,,,,,
0.09752386808395386,0.9107559323310852,0.9145550727844238,0.9883087873458862,9563.599609375,9684.2998046875,0.9337013959884644,0.057494133710861206,30,1146,,,,,,,,,,,,,,,,,,,,,,,
,,,,,,,,30,1146,0.006511847488582134,0.9891300797462463,0.9885925054550171,0.9991501569747925,7490.2705078125,7570.5673828125,0.9891300797462463,0.006511847488582134,,,,,,,,,,,,,,,
0.08914618194103241,0.9204148054122925,0.9259125590324402,0.9878079295158386,9658.900390625,9684.2998046875,0.9337013959884644,0.057494133710861206,31,1183,,,,,,,,,,,,,,,,,,,,,,,
,,,,,,,,31,1183,0.005904207471758127,0.989543080329895,0.9889338612556458,0.9992727041244507,7495.7294921875,7570.5673828125,0.989543080329895,0.005904207471758127,,,,,,,,,,,,,,,
0.09107477217912674,0.9214356541633606,0.9264429211616516,0.988238513469696,9633.099609375,9684.2998046875,0.9337013959884644,0.057494133710861206,32,1220,,,,,,,,,,,,,,,,,,,,,,,
,,,,,,,,32,1220,0.0063472772017121315,0.9894348382949829,0.9889230728149414,0.999171257019043,7494.37841796875,7570.5673828125,0.989543080329895,0.005904207471758127,,,,,,,,,,,,,,,
0.07924497127532959,0.9334349632263184,0.9394574165344238,0.9883034825325012,9683.099609375,9684.2998046875,0.9337013959884644,0.057494133710861206,33,1257,,,,,,,,,,,,,,,,,,,,,,,
,,,,,,,,33,1257,0.006132644135504961,0.989325761795044,0.988795280456543,0.9991689920425415,7491.4052734375,7570.5673828125,0.989543080329895,0.005904207471758127,,,,,,,,,,,,,,,
0.09198430925607681,0.9177743792533875,0.9233983755111694,0.9874691963195801,9673.099609375,9684.2998046875,0.9337013959884644,0.057494133710861206,34,1294,,,,,,,,,,,,,,,,,,,,,,,
,,,,,,,,34,1294,0.005466986447572708,0.9895751476287842,0.9891061782836914,0.9992917776107788,7499.62158203125,7570.5673828125,0.9895751476287842,0.005466986447572708,,,,,,,,,,,,,,,
0.08838456869125366,0.9010322690010071,0.902873158454895,0.9888511896133423,9457.0,9684.2998046875,0.9337013959884644,0.057494133710861206,35,1331,,,,,,,,,,,,,,,,,,,,,,,
,,,,,,,,35,1331,0.005107784643769264,0.9916929006576538,0.9913349747657776,0.9993311762809753,7513.37841796875,7570.5673828125,0.9916929006576538,0.005107784643769264,,,,,,,,,,,,,,,
0.08288714289665222,0.9230912923812866,0.9276280403137207,0.9885190725326538,9604.0,9684.2998046875,0.9337013959884644,0.057494133710861206,36,1368,,,,,,,,,,,,,,,,,,,,,,,
,,,,,,,,36,1368,0.005602831020951271,0.9910663962364197,0.9905529618263245,0.9993074536323547,7504.45947265625,7570.5673828125,0.9916929006576538,0.005107784643769264,,,,,,,,,,,,,,,
0.10789106786251068,0.9256817698478699,0.9304426908493042,0.9885660409927368,9613.7998046875,9684.2998046875,0.9337013959884644,0.057494133710861206,37,1405,,,,,,,,,,,,,,,,,,,,,,,
,,,,,,,,37,1405,0.005124217830598354,0.9918168783187866,0.9913476705551147,0.9993675947189331,7509.86474609375,7570.5673828125,0.9918168783187866,0.005107784643769264,,,,,,,,,,,,,,,
0.0954643189907074,0.916051983833313,0.920362114906311,0.9881488084793091,9595.400390625,9684.2998046875,0.9337013959884644,0.057494133710861206,38,1442,,,,,,,,,,,,,,,,,,,,,,,
,,,,,,,,38,1442,0.004799217917025089,0.9917939901351929,0.9914026260375977,0.9993729591369629,7513.2431640625,7570.5673828125,0.9918168783187866,0.004799217917025089,,,,,,,,,,,,,,,
0.09496760368347168,0.9320212602615356,0.9375896453857422,0.9884157180786133,9657.900390625,9684.2998046875,0.9337013959884644,0.057494133710861206,39,1479,,,,,,,,,,,,,,,,,,,,,,,
,,,,,,,,39,1479,0.005431424826383591,0.9912212491035461,0.9908121228218079,0.9992858171463013,7509.0,7570.5673828125,0.9918168783187866,0.004799217917025089,,,,,,,,,,,,,,,
0.0858747735619545,0.9033768773078918,0.90545254945755,0.9886640310287476,9452.2001953125,9684.2998046875,0.9337013959884644,0.057494133710861206,40,1516,,,,,,,,,,,,,,,,,,,,,,,
,,,,,,,,40,1516,0.005184985231608152,0.9917870759963989,0.9914016723632812,0.9993364214897156,7511.162109375,7570.5673828125,0.9918168783187866,0.004799217917025089,,,,,,,,,,,,,,,
0.10895319283008575,0.9218597412109375,0.9270826578140259,0.9883151054382324,9650.099609375,9684.2998046875,0.9337013959884644,0.057494133710861206,41,1553,,,,,,,,,,,,,,,,,,,,,,,
,,,,,,,,41,1553,0.004935401026159525,0.9922365546226501,0.991889238357544,0.9993445873260498,7516.02685546875,7570.5673828125,0.9922365546226501,0.004799217917025089,,,,,,,,,,,,,,,
0.11082158237695694,0.9309649467468262,0.9369155764579773,0.9880703091621399,9678.2001953125,9684.2998046875,0.9337013959884644,0.057494133710861206,42,1590,,,,,,,,,,,,,,,,,,,,,,,
,,,,,,,,42,1590,0.004989059641957283,0.9924675226211548,0.9922040104866028,0.9993147850036621,7518.5947265625,7570.5673828125,0.9924675226211548,0.004799217917025089,,,,,,,,,,,,,,,
0.09734399616718292,0.9260802268981934,0.9319327473640442,0.9877033233642578,9672.7998046875,9684.2998046875,0.9337013959884644,0.057494133710861206,43,1627,,,,,,,,,,,,,,,,,,,,,,,
,,,,,,,,43,1627,0.004390876740217209,0.9930056929588318,0.9927591681480408,0.9993650317192078,7520.94580078125,7570.5673828125,0.9930056929588318,0.004390876740217209,,,,,,,,,,,,,,,
0.09509541094303131,0.9331550598144531,0.9385311007499695,0.9883221387863159,9646.099609375,9684.2998046875,0.9337013959884644,0.057494133710861206,44,1664,,,,,,,,,,,,,,,,,,,,,,,
,,,,,,,,44,1664,0.004697740077972412,0.9926272034645081,0.992370069026947,0.9993093609809875,7520.05419921875,7570.5673828125,0.9930056929588318,0.004390876740217209,,,,,,,,,,,,,,,
0.08422954380512238,0.9225573539733887,0.9270951151847839,0.9883753061294556,9592.2998046875,9684.2998046875,0.9337013959884644,0.057494133710861206,45,1701,,,,,,,,,,,,,,,,,,,,,,,
,,,,,,,,45,1701,0.004069402348250151,0.99285888671875,0.9926427006721497,0.9993947744369507,7523.86474609375,7570.5673828125,0.9930056929588318,0.004069402348250151,,,,,,,,,,,,,,,
0.11029066890478134,0.9456360936164856,0.9530082941055298,0.9871241450309753,9712.2998046875,9684.2998046875,0.9456360936164856,0.057494133710861206,46,1738,,,,,,,,,,,,,,,,,,,,,,,
,,,,,,,,46,1738,0.004242554772645235,0.9936774969100952,0.9934877753257751,0.9993556141853333,7525.70263671875,7570.5673828125,0.9936774969100952,0.004069402348250151,,,,,,,,,,,,,,,
0.10156130790710449,0.9340594410896301,0.9405086636543274,0.9877346158027649,9694.7001953125,9684.2998046875,0.9456360936164856,0.057494133710861206,47,1775,,,,,,,,,,,,,,,,,,,,,,,
,,,,,,,,47,1775,0.003909604158252478,0.9934470653533936,0.9932082891464233,0.999437153339386,7525.78369140625,7570.5673828125,0.9936774969100952,0.003909604158252478,,,,,,,,,,,,,,,
0.09829811006784439,0.9351968765258789,0.9414779543876648,0.9878846406936646,9684.7998046875,9684.2998046875,0.9456360936164856,0.057494133710861206,48,1812,,,,,,,,,,,,,,,,,,,,,,,
,,,,,,,,48,1812,0.0037430746015161276,0.9939647316932678,0.9937186241149902,0.9994802474975586,7527.81103515625,7570.5673828125,0.9939647316932678,0.0037430746015161276,,,,,,,,,,,,,,,
0.08268193900585175,0.9148446321487427,0.9188319444656372,0.9884530305862427,9567.7001953125,9684.2998046875,0.9456360936164856,0.057494133710861206,49,1849,,,,,,,,,,,,,,,,,,,,,,,
,,,,,,,,49,1849,0.0036920313723385334,0.9942372441291809,0.9940517544746399,0.9994827508926392,7532.2431640625,7570.5673828125,0.9942372441291809,0.0036920313723385334,,,,,,,,,,,,,,,
0.09937168657779694,0.9365037083625793,0.9435062408447266,0.9873353242874146,9716.900390625,9684.2998046875,0.9456360936164856,0.057494133710861206,50,1886,,,,,,,,,,,,,,,,,,,,,,,
,,,,,,,,50,1886,0.0054336958564817905,0.9918950200080872,0.9916321039199829,0.9992448687553406,7514.3515625,7570.5673828125,0.9942372441291809,0.0036920313723385334,,,,,,,,,,,,,,,
0.09361500293016434,0.9333819150924683,0.9391738176345825,0.9880715608596802,9667.5,9684.2998046875,0.9456360936164856,0.057494133710861206,51,1923,,,,,,,,,,,,,,,,,,,,,,,
,,,,,,,,51,1923,0.004144095350056887,0.9933604598045349,0.9932299256324768,0.9993396401405334,7526.86474609375,7570.5673828125,0.9942372441291809,0.0036920313723385334,,,,,,,,,,,,,,,
0.0874486193060875,0.9346024394035339,0.9403039813041687,0.988494873046875,9667.599609375,9684.2998046875,0.9456360936164856,0.057494133710861206,52,1960,,,,,,,,,,,,,,,,,,,,,,,
,,,,,,,,52,1960,0.004198091104626656,0.993743896484375,0.9935120344161987,0.9993740916252136,7524.4326171875,7570.5673828125,0.9942372441291809,0.0036920313723385334,,,,,,,,,,,,,,,
0.08023525774478912,0.912060558795929,0.9149514436721802,0.9885546565055847,9501.0,9684.2998046875,0.9456360936164856,0.057494133710861206,53,1997,,,,,,,,,,,,,,,,,,,,,,,
,,,,,,,,53,1997,0.0035585458390414715,0.9942495226860046,0.994068443775177,0.9994723200798035,7530.9189453125,7570.5673828125,0.9942495226860046,0.0035585458390414715,,,,,,,,,,,,,,,
0.08570323884487152,0.935063362121582,0.9405785799026489,0.9883620142936707,9652.5,9684.2998046875,0.9456360936164856,0.057494133710861206,54,2034,,,,,,,,,,,,,,,,,,,,,,,
,,,,,,,,54,2034,0.004465016070753336,0.9932253956794739,0.9929737448692322,0.999346137046814,7520.13525390625,7570.5673828125,0.9942495226860046,0.0035585458390414715,,,,,,,,,,,,,,,
0.09175728261470795,0.9391857981681824,0.9451557993888855,0.9883569478988647,9681.099609375,9684.2998046875,0.9456360936164856,0.057494133710861206,55,2071,,,,,,,,,,,,,,,,,,,,,,,
,,,,,,,,55,2071,0.003199688857421279,0.9951578974723816,0.9950059652328491,0.999538004398346,7535.94580078125,7570.5673828125,0.9951578974723816,0.003199688857421279,,,,,,,,,,,,,,,
0.12297109514474869,0.9424886703491211,0.9493992924690247,0.9875116348266602,9712.2998046875,9684.2998046875,0.9456360936164856,0.057494133710861206,56,2108,,,,,,,,,,,,,,,,,,,,,,,
,,,,,,,,56,2108,0.003146038157865405,0.995195746421814,0.9950402975082397,0.9995255470275879,7537.05419921875,7570.5673828125,0.995195746421814,0.003146038157865405,,,,,,,,,,,,,,,
0.09994007647037506,0.9209035634994507,0.9257599115371704,0.9882091283798218,9619.099609375,9684.2998046875,0.9456360936164856,0.057494133710861206,57,2145,,,,,,,,,,,,,,,,,,,,,,,
,,,,,,,,57,2145,0.0030581301543861628,0.9954304099082947,0.9952722787857056,0.9995480179786682,7537.3515625,7570.5673828125,0.9954304099082947,0.0030581301543861628,,,,,,,,,,,,,,,
0.07557304948568344,0.9237467050552368,0.9293060302734375,0.9878683090209961,9662.099609375,9684.2998046875,0.9456360936164856,0.057494133710861206,58,2182,,,,,,,,,,,,,,,,,,,,,,,
,,,,,,,,58,2182,0.003802127204835415,0.9943747520446777,0.9942139387130737,0.9994077682495117,7531.29736328125,7570.5673828125,0.9954304099082947,0.0030581301543861628,,,,,,,,,,,,,,,
0.11966773122549057,0.9494704008102417,0.9575467109680176,0.9867620468139648,9755.099609375,9684.2998046875,0.9494704008102417,0.057494133710861206,59,2219,,,,,,,,,,,,,,,,,,,,,,,
,,,,,,,,59,2219,0.0037826935295015574,0.9938826560974121,0.9936787486076355,0.9994358420372009,7526.81103515625,7570.5673828125,0.9954304099082947,0.0030581301543861628,,,,,,,,,,,,,,,
0.10169259458780289,0.9385977983474731,0.9449955224990845,0.9879128336906433,9692.400390625,9684.2998046875,0.9494704008102417,0.057494133710861206,60,2256,,,,,,,,,,,,,,,,,,,,,,,
,,,,,,,,60,2256,0.004268425516784191,0.9944576621055603,0.9943463206291199,0.9993769526481628,7531.837890625,7570.5673828125,0.9954304099082947,0.0030581301543861628,,,,,,,,,,,,,,,
0.08825955539941788,0.9368947744369507,0.9421693682670593,0.9885793924331665,9633.400390625,9684.2998046875,0.9494704008102417,0.057494133710861206,61,2293,,,,,,,,,,,,,,,,,,,,,,,
,,,,,,,,61,2293,0.0027614666614681482,0.9958726763725281,0.9957353472709656,0.999579668045044,7542.10791015625,7570.5673828125,0.9958726763725281,0.0027614666614681482,,,,,,,,,,,,,,,
0.11837393045425415,0.9445430040359497,0.9508420825004578,0.988012433052063,9674.900390625,9684.2998046875,0.9494704008102417,0.057494133710861206,62,2330,,,,,,,,,,,,,,,,,,,,,,,
,,,,,,,,62,2330,0.0032031286973506212,0.994840681552887,0.9947101473808289,0.9994783997535706,7536.837890625,7570.5673828125,0.9958726763725281,0.0027614666614681482,,,,,,,,,,,,,,,
0.10539934784173965,0.9484527707099915,0.9556232690811157,0.9875317811965942,9705.900390625,9684.2998046875,0.9494704008102417,0.057494133710861206,63,2367,,,,,,,,,,,,,,,,,,,,,,,
,,,,,,,,63,2367,0.0030796907376497984,0.9957994222640991,0.9957115650177002,0.9995585083961487,7542.6484375,7570.5673828125,0.9958726763725281,0.0027614666614681482,,,,,,,,,,,,,,,
0.09584836661815643,0.9378460049629211,0.9443146586418152,0.9877662658691406,9692.900390625,9684.2998046875,0.9494704008102417,0.057494133710861206,64,2404,,,,,,,,,,,,,,,,,,,,,,,
,,,,,,,,64,2404,0.002994205802679062,0.9957191944122314,0.9956434369087219,0.9995306730270386,7542.81103515625,7570.5673828125,0.9958726763725281,0.0027614666614681482,,,,,,,,,,,,,,,
0.10353916883468628,0.9521776437759399,0.9607698321342468,0.9861982464790344,9751.2001953125,9684.2998046875,0.9521776437759399,0.057494133710861206,65,2441,,,,,,,,,,,,,,,,,,,,,,,
,,,,,,,,65,2441,0.00265435385517776,0.9956111311912537,0.9955557584762573,0.9995675086975098,7543.5947265625,7570.5673828125,0.9958726763725281,0.00265435385517776,,,,,,,,,,,,,,,
0.1073264330625534,0.9561780095100403,0.9655268788337708,0.9856482744216919,9780.0,9684.2998046875,0.9561780095100403,0.057494133710861206,66,2478,,,,,,,,,,,,,,,,,,,,,,,
,,,,,,,,66,2478,0.0027387964073568583,0.9960328936576843,0.9959243535995483,0.9995954632759094,7542.10791015625,7570.5673828125,0.9960328936576843,0.00265435385517776,,,,,,,,,,,,,,,
0.09445475041866302,0.9487029314041138,0.9562395215034485,0.987047016620636,9713.5,9684.2998046875,0.9561780095100403,0.057494133710861206,67,2515,,,,,,,,,,,,,,,,,,,,,,,
,,,,,,,,67,2515,0.0028252601623535156,0.9955681562423706,0.9955177307128906,0.9995309710502625,7541.86474609375,7570.5673828125,0.9960328936576843,0.00265435385517776,,,,,,,,,,,,,,,
0.09133239090442657,0.9456221461296082,0.9522591829299927,0.9879049062728882,9683.2998046875,9684.2998046875,0.9561780095100403,0.057494133710861206,68,2552,,,,,,,,,,,,,,,,,,,,,,,
,,,,,,,,68,2552,0.003510895185172558,0.9952874183654785,0.9952042102813721,0.999433696269989,7539.162109375,7570.5673828125,0.9960328936576843,0.00265435385517776,,,,,,,,,,,,,,,
0.11322180926799774,0.9518797993659973,0.9603474736213684,0.9863088726997375,9752.099609375,9684.2998046875,0.9561780095100403,0.057494133710861206,69,2589,,,,,,,,,,,,,,,,,,,,,,,
,,,,,,,,69,2589,0.003358182031661272,0.9953933954238892,0.9953129887580872,0.9994542002677917,7537.5673828125,7570.5673828125,0.9960328936576843,0.00265435385517776,,,,,,,,,,,,,,,
0.08142834901809692,0.9392669796943665,0.9453312158584595,0.9881812334060669,9666.0,9684.2998046875,0.9561780095100403,0.057494133710861206,70,2626,,,,,,,,,,,,,,,,,,,,,,,
,,,,,,,,70,2626,0.0026335157454013824,0.9961256980895996,0.9960591197013855,0.9995735883712769,7545.29736328125,7570.5673828125,0.9961256980895996,0.0026335157454013824,,,,,,,,,,,,,,,
0.0971556305885315,0.947638988494873,0.9542621374130249,0.9879013299942017,9679.599609375,9684.2998046875,0.9561780095100403,0.057494133710861206,71,2663,,,,,,,,,,,,,,,,,,,,,,,
,,,,,,,,71,2663,0.002590346848592162,0.9959944486618042,0.9958959221839905,0.9995792508125305,7543.486328125,7570.5673828125,0.9961256980895996,0.002590346848592162,,,,,,,,,,,,,,,
0.10474780946969986,0.9495657086372375,0.9565714001655579,0.9877676963806152,9702.599609375,9684.2998046875,0.9561780095100403,0.057494133710861206,72,2700,,,,,,,,,,,,,,,,,,,,,,,
,,,,,,,,72,2700,0.0024629586841911077,0.9963972568511963,0.9962902665138245,0.999631404876709,7544.37841796875,7570.5673828125,0.9963972568511963,0.0024629586841911077,,,,,,,,,,,,,,,
0.10175106674432755,0.9346774220466614,0.9410282969474792,0.9876770973205566,9682.099609375,9684.2998046875,0.9561780095100403,0.057494133710861206,73,2737,,,,,,,,,,,,,,,,,,,,,,,
,,,,,,,,73,2737,0.0026845098473131657,0.9962606430053711,0.9962863326072693,0.9995129704475403,7546.2431640625,7570.5673828125,0.9963972568511963,0.0024629586841911077,,,,,,,,,,,,,,,
0.0960630550980568,0.9319605827331543,0.9380229711532593,0.9878536462783813,9686.7998046875,9684.2998046875,0.9561780095100403,0.057494133710861206,74,2774,,,,,,,,,,,,,,,,,,,,,,,
,,,,,,,,74,2774,0.003977040760219097,0.9940127730369568,0.993929386138916,0.999322235584259,7529.45947265625,7570.5673828125,0.9963972568511963,0.0024629586841911077,,,,,,,,,,,,,,,
0.10545758157968521,0.9549336433410645,0.9624611139297485,0.9875614047050476,9720.400390625,9684.2998046875,0.9561780095100403,0.057494133710861206,75,2811,,,,,,,,,,,,,,,,,,,,,,,
,,,,,,,,75,2811,0.0027043053414672613,0.9960182905197144,0.9959661960601807,0.9995390176773071,7544.18896484375,7570.5673828125,0.9963972568511963,0.0024629586841911077,,,,,,,,,,,,,,,
0.08414258062839508,0.9435775876045227,0.9495072364807129,0.988189697265625,9647.7001953125,9684.2998046875,0.9561780095100403,0.057494133710861206,76,2848,,,,,,,,,,,,,,,,,,,,,,,
,,,,,,,,76,2848,0.0027359367813915014,0.9961666464805603,0.9961580038070679,0.99953293800354,7544.81103515625,7570.5673828125,0.9963972568511963,0.0024629586841911077,,,,,,,,,,,,,,,
0.10672669112682343,0.9483087658882141,0.9563296437263489,0.9865290522575378,9739.2001953125,9684.2998046875,0.9561780095100403,0.057494133710861206,77,2885,,,,,,,,,,,,,,,,,,,,,,,
,,,,,,,,77,2885,0.0024392239283770323,0.9968753457069397,0.9968128800392151,0.9996204972267151,7548.81103515625,7570.5673828125,0.9968753457069397,0.0024392239283770323,,,,,,,,,,,,,,,
0.09094420820474625,0.951361358165741,0.9587959051132202,0.9874763488769531,9717.599609375,9684.2998046875,0.9561780095100403,0.057494133710861206,78,2922,,,,,,,,,,,,,,,,,,,,,,,
,,,,,,,,78,2922,0.0026732191909104586,0.9961729049682617,0.9960763454437256,0.9995888471603394,7545.54052734375,7570.5673828125,0.9968753457069397,0.0024392239283770323,,,,,,,,,,,,,,,
0.1035352572798729,0.9260159730911255,0.9316443204879761,0.9881752133369446,9650.400390625,9684.2998046875,0.9561780095100403,0.057494133710861206,79,2959,,,,,,,,,,,,,,,,,,,,,,,
,,,,,,,,79,2959,0.002571143675595522,0.9957275390625,0.9956998825073242,0.9995397329330444,7544.02685546875,7570.5673828125,0.9968753457069397,0.0024392239283770323,,,,,,,,,,,,,,,
0.10070902109146118,0.9472176432609558,0.9545386433601379,0.9871841669082642,9711.400390625,9684.2998046875,0.9561780095100403,0.057494133710861206,80,2996,,,,,,,,,,,,,,,,,,,,,,,
,,,,,,,,80,2996,0.002255538711324334,0.9961993098258972,0.9960811734199524,0.9996720552444458,7545.5947265625,7570.5673828125,0.9968753457069397,0.002255538711324334,,,,,,,,,,,,,,,
0.08190247416496277,0.9359095692634583,0.9406334161758423,0.9888674020767212,9598.7998046875,9684.2998046875,0.9561780095100403,0.057494133710861206,81,3033,,,,,,,,,,,,,,,,,,,,,,,
,,,,,,,,81,3033,0.0024218629114329815,0.9961646795272827,0.9961420893669128,0.9995707869529724,7546.32421875,7570.5673828125,0.9968753457069397,0.002255538711324334,,,,,,,,,,,,,,,
0.09634920209646225,0.9455293416976929,0.9533845782279968,0.9867512583732605,9744.2998046875,9684.2998046875,0.9561780095100403,0.057494133710861206,82,3070,,,,,,,,,,,,,,,,,,,,,,,
,,,,,,,,82,3070,0.0026532653719186783,0.9962259531021118,0.9961977601051331,0.999544620513916,7546.10791015625,7570.5673828125,0.9968753457069397,0.002255538711324334,,,,,,,,,,,,,,,
0.11326881498098373,0.9487263560295105,0.95652836561203,0.986890971660614,9731.0,9684.2998046875,0.9561780095100403,0.057494133710861206,83,3107,,,,,,,,,,,,,,,,,,,,,,,
,,,,,,,,83,3107,0.002150010783225298,0.9963507652282715,0.996281087398529,0.9996283054351807,7546.54052734375,7570.5673828125,0.9968753457069397,0.002150010783225298,,,,,,,,,,,,,,,
0.09286559373140335,0.9441919326782227,0.9507996439933777,0.9876673817634583,9680.099609375,9684.2998046875,0.9561780095100403,0.057494133710861206,84,3144,,,,,,,,,,,,,,,,,,,,,,,
,,,,,,,,84,3144,0.0019803084433078766,0.9971967935562134,0.9971054792404175,0.999720573425293,7551.18896484375,7570.5673828125,0.9971967935562134,0.0019803084433078766,,,,,,,,,,,,,,,
0.10832233726978302,0.9528627395629883,0.9618502855300903,0.9857192039489746,9769.7001953125,9684.2998046875,0.9561780095100403,0.057494133710861206,85,3181,,,,,,,,,,,,,,,,,,,,,,,
,,,,,,,,85,3181,0.002207982586696744,0.9967219233512878,0.9966650009155273,0.9996206164360046,7547.70263671875,7570.5673828125,0.9971967935562134,0.0019803084433078766,,,,,,,,,,,,,,,
0.0994459018111229,0.9474256634712219,0.9545800089836121,0.9873496294021606,9703.2001953125,9684.2998046875,0.9561780095100403,0.057494133710861206,86,3218,,,,,,,,,,,,,,,,,,,,,,,
,,,,,,,,86,3218,0.002216557739302516,0.9968119263648987,0.9967843294143677,0.9996089339256287,7549.62158203125,7570.5673828125,0.9971967935562134,0.0019803084433078766,,,,,,,,,,,,,,,
0.10821187496185303,0.9566160440444946,0.9656797647476196,0.9859840273857117,9762.900390625,9684.2998046875,0.9566160440444946,0.057494133710861206,87,3255,,,,,,,,,,,,,,,,,,,,,,,
,,,,,,,,87,3255,0.0019681546837091446,0.9966772198677063,0.9965424537658691,0.9997171759605408,7547.5947265625,7570.5673828125,0.9971967935562134,0.0019681546837091446,,,,,,,,,,,,,,,
0.12665095925331116,0.9401549100875854,0.9451240301132202,0.9888943433761597,9614.2998046875,9684.2998046875,0.9566160440444946,0.057494133710861206,88,3292,,,,,,,,,,,,,,,,,,,,,,,
,,,,,,,,88,3292,0.005631853826344013,0.9930347800254822,0.9930753111839294,0.999032735824585,7526.2705078125,7570.5673828125,0.9971967935562134,0.0019681546837091446,,,,,,,,,,,,,,,
0.1163443922996521,0.9535330533981323,0.9615539312362671,0.9867504835128784,9738.599609375,9684.2998046875,0.9566160440444946,0.057494133710861206,89,3329,,,,,,,,,,,,,,,,,,,,,,,
,,,,,,,,89,3329,0.002512923674657941,0.9954633712768555,0.9952796697616577,0.9996551275253296,7539.62158203125,7570.5673828125,0.9971967935562134,0.0019681546837091446,,,,,,,,,,,,,,,
0.10078085958957672,0.9397497177124023,0.9454039335250854,0.9885419607162476,9658.7998046875,9684.2998046875,0.9566160440444946,0.057494133710861206,90,3366,,,,,,,,,,,,,,,,,,,,,,,
,,,,,,,,90,3366,0.0030228393152356148,0.9953517317771912,0.9952203035354614,0.9995118975639343,7539.05419921875,7570.5673828125,0.9971967935562134,0.0019681546837091446,,,,,,,,,,,,,,,
0.09984616935253143,0.9476879239082336,0.9546521306037903,0.9877109527587891,9712.099609375,9684.2998046875,0.9566160440444946,0.057494133710861206,91,3403,,,,,,,,,,,,,,,,,,,,,,,
,,,,,,,,91,3403,0.0022248979657888412,0.9967115521430969,0.9966016411781311,0.9996808767318726,7547.513671875,7570.5673828125,0.9971967935562134,0.0019681546837091446,,,,,,,,,,,,,,,
0.10731172561645508,0.9537228345870972,0.9609804153442383,0.9876881837844849,9712.7001953125,9684.2998046875,0.9566160440444946,0.057494133710861206,92,3440,,,,,,,,,,,,,,,,,,,,,,,
,,,,,,,,92,3440,0.002342160791158676,0.9966844916343689,0.9965342879295349,0.9996747970581055,7546.21630859375,7570.5673828125,0.9971967935562134,0.0019681546837091446,,,,,,,,,,,,,,,
0.1007099375128746,0.949527382850647,0.9573342204093933,0.9866601824760437,9724.599609375,9684.2998046875,0.9566160440444946,0.057494133710861206,93,3477,,,,,,,,,,,,,,,,,,,,,,,
,,,,,,,,93,3477,0.0021260732319206,0.9968957901000977,0.9968332052230835,0.999664843082428,7549.7568359375,7570.5673828125,0.9971967935562134,0.0019681546837091446,,,,,,,,,,,,,,,
0.09956669807434082,0.9527323842048645,0.9601061940193176,0.9874124526977539,9715.7001953125,9684.2998046875,0.9566160440444946,0.057494133710861206,94,3514,,,,,,,,,,,,,,,,,,,,,,,
,,,,,,,,94,3514,0.002019632840529084,0.9969636797904968,0.9968844056129456,0.9996891617774963,7549.86474609375,7570.5673828125,0.9971967935562134,0.0019681546837091446,,,,,,,,,,,,,,,
0.11151285469532013,0.954908549785614,0.962786078453064,0.9871827363967896,9744.599609375,9684.2998046875,0.9566160440444946,0.057494133710861206,95,3551,,,,,,,,,,,,,,,,,,,,,,,
,,,,,,,,95,3551,0.002326201880350709,0.9964264631271362,0.9963655471801758,0.9996060729026794,7546.67578125,7570.5673828125,0.9971967935562134,0.0019681546837091446,,,,,,,,,,,,,,,
0.09534371644258499,0.9274697303771973,0.9315260052680969,0.9889124631881714,9571.2001953125,9684.2998046875,0.9566160440444946,0.057494133710861206,96,3588,,,,,,,,,,,,,,,,,,,,,,,
,,,,,,,,96,3588,0.002294692676514387,0.9964927434921265,0.9964783191680908,0.9995507001876831,7548.9189453125,7570.5673828125,0.9971967935562134,0.0019681546837091446,,,,,,,,,,,,,,,
0.08818776160478592,0.9473806619644165,0.9537466168403625,0.9878873825073242,9661.900390625,9684.2998046875,0.9566160440444946,0.057494133710861206,97,3625,,,,,,,,,,,,,,,,,,,,,,,
,,,,,,,,97,3625,0.0029005934484302998,0.9952395558357239,0.9950971603393555,0.9995361566543579,7538.4052734375,7570.5673828125,0.9971967935562134,0.0019681546837091446,,,,,,,,,,,,,,,
0.10502679646015167,0.951728343963623,0.9592905044555664,0.987260639667511,9722.2001953125,9684.2998046875,0.9566160440444946,0.057494133710861206,98,3662,,,,,,,,,,,,,,,,,,,,,,,
,,,,,,,,98,3662,0.0022126201074570417,0.9967755675315857,0.9966813325881958,0.9996650218963623,7548.837890625,7570.5673828125,0.9971967935562134,0.0019681546837091446,,,,,,,,,,,,,,,
0.09488706290721893,0.9511078596115112,0.9579911231994629,0.9878770709037781,9693.5,9684.2998046875,0.9566160440444946,0.057494133710861206,99,3699,,,,,,,,,,,,,,,,,,,,,,,
,,,,,,,,99,3699,0.002087407512590289,0.9967665672302246,0.9966916441917419,0.9996609091758728,7548.7294921875,7570.5673828125,0.9971967935562134,0.0019681546837091446,,,,,,,,,,,,,,,
,,,,,,,,99,3700,,,,,,,,,0.10821187496185303,0.9566160440444946,0.9656797647476196,0.9859840273857117,9762.900390625,9684.2998046875,96258.0,1371.0,29482.0,585.0,0.9846823811531067,0.9939593076705933,0.9859570264816284,97629.0,96843.0
